datetime,electricity_demand_mw
2025-01-01 00:00:00,54.74
2025-01-01 01:00:00,56.76
2025-01-01 02:00:00,55.4
2025-01-01 03:00:00,53.63
2025-01-01 04:00:00,57.0
2025-01-01 05:00:00,53.99
2025-01-01 06:00:00,59.65
2025-01-01 07:00:00,59.17
2025-01-01 08:00:00,63.51
2025-01-01 09:00:00,65.06
2025-01-01 10:00:00,64.45
2025-01-01 11:00:00,68.59
2025-01-01 12:00:00,69.43
2025-01-01 13:00:00,68.32
2025-01-01 14:00:00,74.29
2025-01-01 15:00:00,72.69
2025-01-01 16:00:00,69.95
2025-01-01 17:00:00,71.88
2025-01-01 18:00:00,75.48
2025-01-01 19:00:00,74.72
2025-01-01 20:00:00,69.67
2025-01-01 21:00:00,69.11
2025-01-01 22:00:00,62.37
2025-01-01 23:00:00,56.95
2025-01-02 00:00:00,55.09
2025-01-02 01:00:00,54.78
2025-01-02 02:00:00,51.82
2025-01-02 03:00:00,53.57
2025-01-02 04:00:00,52.4
2025-01-02 05:00:00,56.66
2025-01-02 06:00:00,60.05
2025-01-02 07:00:00,58.08
2025-01-02 08:00:00,63.25
2025-01-02 09:00:00,62.18
2025-01-02 10:00:00,66.02
2025-01-02 11:00:00,66.86
2025-01-02 12:00:00,66.68
2025-01-02 13:00:00,68.88
2025-01-02 14:00:00,68.2
2025-01-02 15:00:00,72.04
2025-01-02 16:00:00,72.77
2025-01-02 17:00:00,76.61
2025-01-02 18:00:00,72.28
2025-01-02 19:00:00,76.64
2025-01-02 20:00:00,71.33
2025-01-02 21:00:00,67.85
2025-01-02 22:00:00,62.15
2025-01-02 23:00:00,62.13
2025-01-03 00:00:00,58.97
2025-01-03 01:00:00,57.63
2025-01-03 02:00:00,55.81
2025-01-03 03:00:00,50.91
2025-01-03 04:00:00,57.49
2025-01-03 05:00:00,57.54
2025-01-03 06:00:00,58.92
2025-01-03 07:00:00,61.88
2025-01-03 08:00:00,65.35
2025-01-03 09:00:00,65.44
2025-01-03 10:00:00,65.78
2025-01-03 11:00:00,66.7
2025-01-03 12:00:00,70.21
2025-01-03 13:00:00,72.53
2025-01-03 14:00:00,72.11
2025-01-03 15:00:00,72.73
2025-01-03 16:00:00,72.14
2025-01-03 17:00:00,72.1
2025-01-03 18:00:00,77.45
2025-01-03 19:00:00,76.03
2025-01-03 20:00:00,68.19
2025-01-03 21:00:00,65.96
2025-01-03 22:00:00,64.89
2025-01-03 23:00:00,61.53
2025-01-04 00:00:00,46.28
2025-01-04 01:00:00,51.36
2025-01-04 02:00:00,49.45
2025-01-04 03:00:00,48.86
2025-01-04 04:00:00,47.49
2025-01-04 05:00:00,46.18
2025-01-04 06:00:00,52.17
2025-01-04 07:00:00,55.93
2025-01-04 08:00:00,56.15
2025-01-04 09:00:00,54.11
2025-01-04 10:00:00,60.35
2025-01-04 11:00:00,58.29
2025-01-04 12:00:00,56.43
2025-01-04 13:00:00,62.34
2025-01-04 14:00:00,56.95
2025-01-04 15:00:00,63.4
2025-01-04 16:00:00,66.42
2025-01-04 17:00:00,68.01
2025-01-04 18:00:00,72.36
2025-01-04 19:00:00,67.52
2025-01-04 20:00:00,61.24
2025-01-04 21:00:00,59.99
2025-01-04 22:00:00,55.61
2025-01-04 23:00:00,49.59
2025-01-05 00:00:00,44.42
2025-01-05 01:00:00,46.47
2025-01-05 02:00:00,45.62
2025-01-05 03:00:00,46.52
2025-01-05 04:00:00,47.72
2025-01-05 05:00:00,50.83
2025-01-05 06:00:00,52.1
2025-01-05 07:00:00,55.59
2025-01-05 08:00:00,53.63
2025-01-05 09:00:00,58.44
2025-01-05 10:00:00,54.94
2025-01-05 11:00:00,60.03
2025-01-05 12:00:00,58.02
2025-01-05 13:00:00,60.29
2025-01-05 14:00:00,64.82
2025-01-05 15:00:00,61.63
2025-01-05 16:00:00,67.64
2025-01-05 17:00:00,69.73
2025-01-05 18:00:00,68.36
2025-01-05 19:00:00,65.94
2025-01-05 20:00:00,61.6
2025-01-05 21:00:00,57.44
2025-01-05 22:00:00,54.47
2025-01-05 23:00:00,49.13
2025-01-06 00:00:00,57.09
2025-01-06 01:00:00,55.02
2025-01-06 02:00:00,57.6
2025-01-06 03:00:00,53.0
2025-01-06 04:00:00,58.43
2025-01-06 05:00:00,60.6
2025-01-06 06:00:00,58.26
2025-01-06 07:00:00,65.03
2025-01-06 08:00:00,67.11
2025-01-06 09:00:00,67.36
2025-01-06 10:00:00,64.8
2025-01-06 11:00:00,69.88
2025-01-06 12:00:00,67.33
2025-01-06 13:00:00,70.51
2025-01-06 14:00:00,69.57
2025-01-06 15:00:00,73.2
2025-01-06 16:00:00,72.63
2025-01-06 17:00:00,76.33
2025-01-06 18:00:00,78.48
2025-01-06 19:00:00,74.49
2025-01-06 20:00:00,74.01
2025-01-06 21:00:00,67.66
2025-01-06 22:00:00,63.53
2025-01-06 23:00:00,59.86
2025-01-07 00:00:00,56.14
2025-01-07 01:00:00,55.8
2025-01-07 02:00:00,58.55
2025-01-07 03:00:00,59.11
2025-01-07 04:00:00,57.75
2025-01-07 05:00:00,60.71
2025-01-07 06:00:00,62.6
2025-01-07 07:00:00,63.75
2025-01-07 08:00:00,60.19
2025-01-07 09:00:00,66.18
2025-01-07 10:00:00,70.67
2025-01-07 11:00:00,70.31
2025-01-07 12:00:00,70.7
2025-01-07 13:00:00,71.07
2025-01-07 14:00:00,73.01
2025-01-07 15:00:00,72.51
2025-01-07 16:00:00,76.16
2025-01-07 17:00:00,75.82
2025-01-07 18:00:00,76.98
2025-01-07 19:00:00,77.22
2025-01-07 20:00:00,75.72
2025-01-07 21:00:00,68.53
2025-01-07 22:00:00,65.22
2025-01-07 23:00:00,60.27
2025-01-08 00:00:00,55.59
2025-01-08 01:00:00,57.29
2025-01-08 02:00:00,58.17
2025-01-08 03:00:00,58.1
2025-01-08 04:00:00,58.0
2025-01-08 05:00:00,58.89
2025-01-08 06:00:00,58.53
2025-01-08 07:00:00,62.55
2025-01-08 08:00:00,67.92
2025-01-08 09:00:00,66.24
2025-01-08 10:00:00,68.43
2025-01-08 11:00:00,72.83
2025-01-08 12:00:00,71.5
2025-01-08 13:00:00,72.64
2025-01-08 14:00:00,70.51
2025-01-08 15:00:00,75.24
2025-01-08 16:00:00,77.59
2025-01-08 17:00:00,76.25
2025-01-08 18:00:00,79.46
2025-01-08 19:00:00,78.56
2025-01-08 20:00:00,68.18
2025-01-08 21:00:00,71.88
2025-01-08 22:00:00,61.89
2025-01-08 23:00:00,62.05
2025-01-09 00:00:00,59.26
2025-01-09 01:00:00,57.18
2025-01-09 02:00:00,56.73
2025-01-09 03:00:00,56.99
2025-01-09 04:00:00,57.6
2025-01-09 05:00:00,58.86
2025-01-09 06:00:00,59.9
2025-01-09 07:00:00,62.98
2025-01-09 08:00:00,65.32
2025-01-09 09:00:00,66.65
2025-01-09 10:00:00,69.47
2025-01-09 11:00:00,68.76
2025-01-09 12:00:00,71.98
2025-01-09 13:00:00,74.1
2025-01-09 14:00:00,76.3
2025-01-09 15:00:00,71.43
2025-01-09 16:00:00,76.7
2025-01-09 17:00:00,77.26
2025-01-09 18:00:00,73.8
2025-01-09 19:00:00,75.72
2025-01-09 20:00:00,72.01
2025-01-09 21:00:00,70.58
2025-01-09 22:00:00,67.99
2025-01-09 23:00:00,64.06
2025-01-10 00:00:00,59.2
2025-01-10 01:00:00,60.76
2025-01-10 02:00:00,58.58
2025-01-10 03:00:00,58.55
2025-01-10 04:00:00,55.87
2025-01-10 05:00:00,58.68
2025-01-10 06:00:00,60.97
2025-01-10 07:00:00,61.99
2025-01-10 08:00:00,63.51
2025-01-10 09:00:00,66.47
2025-01-10 10:00:00,71.21
2025-01-10 11:00:00,71.68
2025-01-10 12:00:00,72.52
2025-01-10 13:00:00,72.14
2025-01-10 14:00:00,72.63
2025-01-10 15:00:00,74.27
2025-01-10 16:00:00,74.07
2025-01-10 17:00:00,77.43
2025-01-10 18:00:00,77.79
2025-01-10 19:00:00,76.73
2025-01-10 20:00:00,74.68
2025-01-10 21:00:00,69.85
2025-01-10 22:00:00,65.93
2025-01-10 23:00:00,60.01
2025-01-11 00:00:00,48.06
2025-01-11 01:00:00,47.69
2025-01-11 02:00:00,47.18
2025-01-11 03:00:00,51.91
2025-01-11 04:00:00,48.49
2025-01-11 05:00:00,52.13
2025-01-11 06:00:00,54.37
2025-01-11 07:00:00,57.63
2025-01-11 08:00:00,56.35
2025-01-11 09:00:00,57.6
2025-01-11 10:00:00,60.86
2025-01-11 11:00:00,65.58
2025-01-11 12:00:00,62.73
2025-01-11 13:00:00,65.94
2025-01-11 14:00:00,66.71
2025-01-11 15:00:00,63.33
2025-01-11 16:00:00,69.09
2025-01-11 17:00:00,69.83
2025-01-11 18:00:00,66.29
2025-01-11 19:00:00,70.53
2025-01-11 20:00:00,68.14
2025-01-11 21:00:00,61.38
2025-01-11 22:00:00,57.29
2025-01-11 23:00:00,54.64
2025-01-12 00:00:00,51.06
2025-01-12 01:00:00,48.0
2025-01-12 02:00:00,47.16
2025-01-12 03:00:00,48.32
2025-01-12 04:00:00,49.15
2025-01-12 05:00:00,53.03
2025-01-12 06:00:00,50.88
2025-01-12 07:00:00,53.54
2025-01-12 08:00:00,55.43
2025-01-12 09:00:00,61.56
2025-01-12 10:00:00,64.25
2025-01-12 11:00:00,63.34
2025-01-12 12:00:00,65.26
2025-01-12 13:00:00,65.84
2025-01-12 14:00:00,63.36
2025-01-12 15:00:00,64.7
2025-01-12 16:00:00,68.17
2025-01-12 17:00:00,69.01
2025-01-12 18:00:00,65.61
2025-01-12 19:00:00,67.1
2025-01-12 20:00:00,65.93
2025-01-12 21:00:00,58.71
2025-01-12 22:00:00,58.24
2025-01-12 23:00:00,54.82
2025-01-13 00:00:00,62.25
2025-01-13 01:00:00,56.79
2025-01-13 02:00:00,58.34
2025-01-13 03:00:00,60.73
2025-01-13 04:00:00,58.14
2025-01-13 05:00:00,61.19
2025-01-13 06:00:00,61.33
2025-01-13 07:00:00,64.46
2025-01-13 08:00:00,63.99
2025-01-13 09:00:00,68.42
2025-01-13 10:00:00,73.26
2025-01-13 11:00:00,74.03
2025-01-13 12:00:00,71.71
2025-01-13 13:00:00,73.56
2025-01-13 14:00:00,72.37
2025-01-13 15:00:00,77.27
2025-01-13 16:00:00,77.01
2025-01-13 17:00:00,80.2
2025-01-13 18:00:00,79.04
2025-01-13 19:00:00,76.99
2025-01-13 20:00:00,76.82
2025-01-13 21:00:00,68.41
2025-01-13 22:00:00,65.97
2025-01-13 23:00:00,65.09
2025-01-14 00:00:00,58.75
2025-01-14 01:00:00,53.82
2025-01-14 02:00:00,57.03
2025-01-14 03:00:00,63.07
2025-01-14 04:00:00,59.47
2025-01-14 05:00:00,58.99
2025-01-14 06:00:00,61.98
2025-01-14 07:00:00,67.55
2025-01-14 08:00:00,65.82
2025-01-14 09:00:00,66.48
2025-01-14 10:00:00,74.08
2025-01-14 11:00:00,72.23
2025-01-14 12:00:00,74.84
2025-01-14 13:00:00,71.12
2025-01-14 14:00:00,77.66
2025-01-14 15:00:00,76.02
2025-01-14 16:00:00,80.03
2025-01-14 17:00:00,80.81
2025-01-14 18:00:00,79.44
2025-01-14 19:00:00,79.04
2025-01-14 20:00:00,75.8
2025-01-14 21:00:00,77.12
2025-01-14 22:00:00,68.57
2025-01-14 23:00:00,66.08
2025-01-15 00:00:00,62.04
2025-01-15 01:00:00,56.07
2025-01-15 02:00:00,57.07
2025-01-15 03:00:00,62.93
2025-01-15 04:00:00,61.12
2025-01-15 05:00:00,60.68
2025-01-15 06:00:00,64.68
2025-01-15 07:00:00,65.76
2025-01-15 08:00:00,71.77
2025-01-15 09:00:00,68.06
2025-01-15 10:00:00,69.84
2025-01-15 11:00:00,73.2
2025-01-15 12:00:00,76.03
2025-01-15 13:00:00,74.86
2025-01-15 14:00:00,76.81
2025-01-15 15:00:00,75.97
2025-01-15 16:00:00,77.22
2025-01-15 17:00:00,78.56
2025-01-15 18:00:00,79.13
2025-01-15 19:00:00,80.97
2025-01-15 20:00:00,75.32
2025-01-15 21:00:00,73.88
2025-01-15 22:00:00,64.06
2025-01-15 23:00:00,59.39
2025-01-16 00:00:00,66.29
2025-01-16 01:00:00,57.78
2025-01-16 02:00:00,61.77
2025-01-16 03:00:00,60.63
2025-01-16 04:00:00,62.98
2025-01-16 05:00:00,67.04
2025-01-16 06:00:00,64.32
2025-01-16 07:00:00,67.34
2025-01-16 08:00:00,66.98
2025-01-16 09:00:00,70.85
2025-01-16 10:00:00,68.77
2025-01-16 11:00:00,75.84
2025-01-16 12:00:00,74.34
2025-01-16 13:00:00,73.1
2025-01-16 14:00:00,75.45
2025-01-16 15:00:00,76.32
2025-01-16 16:00:00,80.4
2025-01-16 17:00:00,76.28
2025-01-16 18:00:00,78.55
2025-01-16 19:00:00,80.93
2025-01-16 20:00:00,75.54
2025-01-16 21:00:00,72.09
2025-01-16 22:00:00,68.66
2025-01-16 23:00:00,62.3
2025-01-17 00:00:00,61.98
2025-01-17 01:00:00,57.34
2025-01-17 02:00:00,57.52
2025-01-17 03:00:00,60.93
2025-01-17 04:00:00,59.73
2025-01-17 05:00:00,60.88
2025-01-17 06:00:00,62.34
2025-01-17 07:00:00,66.17
2025-01-17 08:00:00,67.46
2025-01-17 09:00:00,69.99
2025-01-17 10:00:00,72.95
2025-01-17 11:00:00,77.05
2025-01-17 12:00:00,73.86
2025-01-17 13:00:00,77.86
2025-01-17 14:00:00,75.47
2025-01-17 15:00:00,74.85
2025-01-17 16:00:00,78.84
2025-01-17 17:00:00,78.99
2025-01-17 18:00:00,83.95
2025-01-17 19:00:00,78.0
2025-01-17 20:00:00,77.63
2025-01-17 21:00:00,74.03
2025-01-17 22:00:00,69.07
2025-01-17 23:00:00,68.29
2025-01-18 00:00:00,50.62
2025-01-18 01:00:00,52.13
2025-01-18 02:00:00,52.11
2025-01-18 03:00:00,54.99
2025-01-18 04:00:00,49.98
2025-01-18 05:00:00,50.9
2025-01-18 06:00:00,54.99
2025-01-18 07:00:00,58.23
2025-01-18 08:00:00,58.37
2025-01-18 09:00:00,60.15
2025-01-18 10:00:00,62.6
2025-01-18 11:00:00,65.56
2025-01-18 12:00:00,67.78
2025-01-18 13:00:00,65.89
2025-01-18 14:00:00,65.31
2025-01-18 15:00:00,69.3
2025-01-18 16:00:00,68.01
2025-01-18 17:00:00,74.72
2025-01-18 18:00:00,71.8
2025-01-18 19:00:00,72.41
2025-01-18 20:00:00,66.43
2025-01-18 21:00:00,64.73
2025-01-18 22:00:00,58.36
2025-01-18 23:00:00,54.73
2025-01-19 00:00:00,53.46
2025-01-19 01:00:00,52.17
2025-01-19 02:00:00,53.6
2025-01-19 03:00:00,52.32
2025-01-19 04:00:00,54.71
2025-01-19 05:00:00,54.59
2025-01-19 06:00:00,54.95
2025-01-19 07:00:00,59.89
2025-01-19 08:00:00,59.43
2025-01-19 09:00:00,60.95
2025-01-19 10:00:00,62.31
2025-01-19 11:00:00,66.23
2025-01-19 12:00:00,63.85
2025-01-19 13:00:00,63.74
2025-01-19 14:00:00,66.95
2025-01-19 15:00:00,67.34
2025-01-19 16:00:00,68.81
2025-01-19 17:00:00,72.05
2025-01-19 18:00:00,75.95
2025-01-19 19:00:00,72.08
2025-01-19 20:00:00,67.76
2025-01-19 21:00:00,61.66
2025-01-19 22:00:00,58.09
2025-01-19 23:00:00,53.72
2025-01-20 00:00:00,59.2
2025-01-20 01:00:00,60.72
2025-01-20 02:00:00,62.92
2025-01-20 03:00:00,61.7
2025-01-20 04:00:00,62.52
2025-01-20 05:00:00,62.88
2025-01-20 06:00:00,65.21
2025-01-20 07:00:00,66.48
2025-01-20 08:00:00,66.49
2025-01-20 09:00:00,72.0
2025-01-20 10:00:00,72.04
2025-01-20 11:00:00,73.86
2025-01-20 12:00:00,72.6
2025-01-20 13:00:00,79.02
2025-01-20 14:00:00,79.64
2025-01-20 15:00:00,75.88
2025-01-20 16:00:00,76.65
2025-01-20 17:00:00,78.57
2025-01-20 18:00:00,82.85
2025-01-20 19:00:00,83.31
2025-01-20 20:00:00,76.7
2025-01-20 21:00:00,70.65
2025-01-20 22:00:00,66.7
2025-01-20 23:00:00,66.22
2025-01-21 00:00:00,62.65
2025-01-21 01:00:00,60.82
2025-01-21 02:00:00,59.74
2025-01-21 03:00:00,59.21
2025-01-21 04:00:00,62.95
2025-01-21 05:00:00,64.72
2025-01-21 06:00:00,67.16
2025-01-21 07:00:00,65.85
2025-01-21 08:00:00,70.77
2025-01-21 09:00:00,69.7
2025-01-21 10:00:00,72.67
2025-01-21 11:00:00,78.6
2025-01-21 12:00:00,78.8
2025-01-21 13:00:00,76.09
2025-01-21 14:00:00,81.72
2025-01-21 15:00:00,76.42
2025-01-21 16:00:00,78.61
2025-01-21 17:00:00,77.28
2025-01-21 18:00:00,81.11
2025-01-21 19:00:00,82.17
2025-01-21 20:00:00,80.83
2025-01-21 21:00:00,76.9
2025-01-21 22:00:00,70.05
2025-01-21 23:00:00,68.51
2025-01-22 00:00:00,59.74
2025-01-22 01:00:00,64.0
2025-01-22 02:00:00,61.3
2025-01-22 03:00:00,62.57
2025-01-22 04:00:00,62.61
2025-01-22 05:00:00,63.58
2025-01-22 06:00:00,66.98
2025-01-22 07:00:00,66.69
2025-01-22 08:00:00,70.04
2025-01-22 09:00:00,72.05
2025-01-22 10:00:00,74.05
2025-01-22 11:00:00,77.96
2025-01-22 12:00:00,79.86
2025-01-22 13:00:00,74.06
2025-01-22 14:00:00,79.9
2025-01-22 15:00:00,77.14
2025-01-22 16:00:00,79.78
2025-01-22 17:00:00,83.71
2025-01-22 18:00:00,78.69
2025-01-22 19:00:00,82.92
2025-01-22 20:00:00,78.12
2025-01-22 21:00:00,73.59
2025-01-22 22:00:00,69.69
2025-01-22 23:00:00,64.69
2025-01-23 00:00:00,60.98
2025-01-23 01:00:00,61.79
2025-01-23 02:00:00,60.79
2025-01-23 03:00:00,64.47
2025-01-23 04:00:00,61.91
2025-01-23 05:00:00,66.07
2025-01-23 06:00:00,63.64
2025-01-23 07:00:00,69.13
2025-01-23 08:00:00,73.73
2025-01-23 09:00:00,75.05
2025-01-23 10:00:00,73.81
2025-01-23 11:00:00,79.4
2025-01-23 12:00:00,70.53
2025-01-23 13:00:00,76.73
2025-01-23 14:00:00,74.57
2025-01-23 15:00:00,75.93
2025-01-23 16:00:00,77.06
2025-01-23 17:00:00,79.1
2025-01-23 18:00:00,80.71
2025-01-23 19:00:00,81.5
2025-01-23 20:00:00,81.28
2025-01-23 21:00:00,75.69
2025-01-23 22:00:00,69.29
2025-01-23 23:00:00,65.0
2025-01-24 00:00:00,62.85
2025-01-24 01:00:00,68.1
2025-01-24 02:00:00,59.55
2025-01-24 03:00:00,66.17
2025-01-24 04:00:00,64.61
2025-01-24 05:00:00,65.15
2025-01-24 06:00:00,72.96
2025-01-24 07:00:00,69.42
2025-01-24 08:00:00,69.13
2025-01-24 09:00:00,73.16
2025-01-24 10:00:00,76.4
2025-01-24 11:00:00,77.42
2025-01-24 12:00:00,77.76
2025-01-24 13:00:00,77.16
2025-01-24 14:00:00,76.45
2025-01-24 15:00:00,79.89
2025-01-24 16:00:00,82.1
2025-01-24 17:00:00,80.99
2025-01-24 18:00:00,80.65
2025-01-24 19:00:00,79.63
2025-01-24 20:00:00,76.33
2025-01-24 21:00:00,74.18
2025-01-24 22:00:00,67.67
2025-01-24 23:00:00,68.9
2025-01-25 00:00:00,51.49
2025-01-25 01:00:00,52.52
2025-01-25 02:00:00,55.99
2025-01-25 03:00:00,55.16
2025-01-25 04:00:00,55.52
2025-01-25 05:00:00,55.62
2025-01-25 06:00:00,57.5
2025-01-25 07:00:00,60.5
2025-01-25 08:00:00,63.54
2025-01-25 09:00:00,63.95
2025-01-25 10:00:00,66.08
2025-01-25 11:00:00,64.49
2025-01-25 12:00:00,69.72
2025-01-25 13:00:00,73.09
2025-01-25 14:00:00,68.74
2025-01-25 15:00:00,71.41
2025-01-25 16:00:00,70.53
2025-01-25 17:00:00,74.52
2025-01-25 18:00:00,75.38
2025-01-25 19:00:00,70.29
2025-01-25 20:00:00,70.14
2025-01-25 21:00:00,65.87
2025-01-25 22:00:00,60.61
2025-01-25 23:00:00,59.21
2025-01-26 00:00:00,54.36
2025-01-26 01:00:00,52.18
2025-01-26 02:00:00,58.49
2025-01-26 03:00:00,55.44
2025-01-26 04:00:00,58.85
2025-01-26 05:00:00,57.81
2025-01-26 06:00:00,58.83
2025-01-26 07:00:00,62.29
2025-01-26 08:00:00,63.55
2025-01-26 09:00:00,63.47
2025-01-26 10:00:00,66.21
2025-01-26 11:00:00,66.58
2025-01-26 12:00:00,70.49
2025-01-26 13:00:00,67.49
2025-01-26 14:00:00,70.11
2025-01-26 15:00:00,71.83
2025-01-26 16:00:00,72.27
2025-01-26 17:00:00,74.38
2025-01-26 18:00:00,72.14
2025-01-26 19:00:00,70.02
2025-01-26 20:00:00,74.16
2025-01-26 21:00:00,65.65
2025-01-26 22:00:00,61.62
2025-01-26 23:00:00,59.09
2025-01-27 00:00:00,66.06
2025-01-27 01:00:00,65.82
2025-01-27 02:00:00,65.64
2025-01-27 03:00:00,63.16
2025-01-27 04:00:00,64.73
2025-01-27 05:00:00,65.43
2025-01-27 06:00:00,64.01
2025-01-27 07:00:00,69.13
2025-01-27 08:00:00,71.14
2025-01-27 09:00:00,71.11
2025-01-27 10:00:00,71.64
2025-01-27 11:00:00,76.35
2025-01-27 12:00:00,76.94
2025-01-27 13:00:00,78.25
2025-01-27 14:00:00,82.36
2025-01-27 15:00:00,79.97
2025-01-27 16:00:00,81.08
2025-01-27 17:00:00,80.25
2025-01-27 18:00:00,83.57
2025-01-27 19:00:00,85.25
2025-01-27 20:00:00,81.65
2025-01-27 21:00:00,74.53
2025-01-27 22:00:00,73.17
2025-01-27 23:00:00,72.07
2025-01-28 00:00:00,62.49
2025-01-28 01:00:00,64.05
2025-01-28 02:00:00,60.51
2025-01-28 03:00:00,67.74
2025-01-28 04:00:00,62.01
2025-01-28 05:00:00,67.16
2025-01-28 06:00:00,68.66
2025-01-28 07:00:00,72.51
2025-01-28 08:00:00,71.8
2025-01-28 09:00:00,73.19
2025-01-28 10:00:00,72.54
2025-01-28 11:00:00,75.09
2025-01-28 12:00:00,78.12
2025-01-28 13:00:00,81.2
2025-01-28 14:00:00,76.4
2025-01-28 15:00:00,82.58
2025-01-28 16:00:00,80.99
2025-01-28 17:00:00,80.31
2025-01-28 18:00:00,85.3
2025-01-28 19:00:00,84.67
2025-01-28 20:00:00,82.73
2025-01-28 21:00:00,77.88
2025-01-28 22:00:00,70.63
2025-01-28 23:00:00,69.3
2025-01-29 00:00:00,65.49
2025-01-29 01:00:00,65.2
2025-01-29 02:00:00,63.92
2025-01-29 03:00:00,63.04
2025-01-29 04:00:00,65.44
2025-01-29 05:00:00,67.81
2025-01-29 06:00:00,66.14
2025-01-29 07:00:00,70.33
2025-01-29 08:00:00,70.54
2025-01-29 09:00:00,71.66
2025-01-29 10:00:00,75.24
2025-01-29 11:00:00,78.5
2025-01-29 12:00:00,80.5
2025-01-29 13:00:00,78.01
2025-01-29 14:00:00,79.08
2025-01-29 15:00:00,79.16
2025-01-29 16:00:00,83.13
2025-01-29 17:00:00,84.03
2025-01-29 18:00:00,85.8
2025-01-29 19:00:00,86.91
2025-01-29 20:00:00,80.6
2025-01-29 21:00:00,75.96
2025-01-29 22:00:00,74.26
2025-01-29 23:00:00,68.5
2025-01-30 00:00:00,64.79
2025-01-30 01:00:00,66.92
2025-01-30 02:00:00,66.78
2025-01-30 03:00:00,62.5
2025-01-30 04:00:00,64.01
2025-01-30 05:00:00,67.66
2025-01-30 06:00:00,71.04
2025-01-30 07:00:00,72.21
2025-01-30 08:00:00,71.01
2025-01-30 09:00:00,74.61
2025-01-30 10:00:00,74.34
2025-01-30 11:00:00,80.71
2025-01-30 12:00:00,83.84
2025-01-30 13:00:00,78.39
2025-01-30 14:00:00,80.31
2025-01-30 15:00:00,79.33
2025-01-30 16:00:00,83.93
2025-01-30 17:00:00,83.6
2025-01-30 18:00:00,85.84
2025-01-30 19:00:00,83.44
2025-01-30 20:00:00,82.02
2025-01-30 21:00:00,73.37
2025-01-30 22:00:00,73.54
2025-01-30 23:00:00,65.46
